,Class Declaration,Attribute,Member Method,Member Class,Return Type,Method Name,Parameter,Local Variable,Local Statement,Statement in Other Methods,Imported Package
0,140,2,-2,9,2,2,1,17,1,10,32
1,140,5,12,2,1,1,2,10,7,15,32
2,499,6,-1,-7,1,1,4,21,1,-9,32
3,6,9,63,-17,19,1,1,6,2,-9,7
4,79,8,1,,1,1,4,14,1,42,7
5,79,-65,-3,,1,1,1,1,4,29,4
6,79,112,1,,1,1,16,1,1,11,76
7,79,177,18,,1,1,16,4,1,50,26
8,79,182,-1,,5,9,1,5,5,3,4
9,79,176,-1,,5,,1,3,5,2,33
10,25,7,-7,,4,,1,11,5,180,21
11,398,8,-2,,1,,1,11,7,13,17
12,398,287,-47,,1,,1,2,7,26,76
13,1,279,2,,1,,1,9,1,-15,9
14,,4,15,,1,,1,2,1,4,124
15,,29,-2,,1,,2,11,7,12,229
16,,7,,,1,,2,7,1,306,2
17,,48,,,5,,4,34,1,23,26
18,,49,,,4,,5,22,1,,18
19,,55,,,1,,5,2,1,,386
20,,5,,,1,,1,13,2,,
21,,2,,,1,,1,10,4,,
22,,2,,,25,,5,10,2,,
23,,54,,,1,,5,10,3,,
24,,31,,,1,,1,8,,,
25,,64,,,,,1,7,,,
26,,17,,,,,1,36,,,
27,,19,,,,,1,34,,,
28,,19,,,,,1,76,,,
29,,19,,,,,1,74,,,
30,,19,,,,,4,1,,,
31,,30,,,,,4,26,,,
32,,30,,,,,1,1,,,
33,,30,,,,,7,1,,,
34,,31,,,,,1,9,,,
35,,62,,,,,2,5,,,
36,,62,,,,,3,1,,,
37,,61,,,,,2,3,,,
38,,61,,,,,2,6,,,
39,,44,,,,,7,6,,,
40,,41,,,,,4,6,,,
41,,38,,,,,4,7,,,
42,,14,,,,,4,7,,,
43,,13,,,,,1,1,,,
44,,81,,,,,1,6,,,
45,,20,,,,,1,8,,,
46,,22,,,,,6,7,,,
47,,21,,,,,6,4,,,
48,,23,,,,,1,7,,,
49,,25,,,,,3,13,,,
50,,135,,,,,3,1,,,
51,,2,,,,,1,1,,,
52,,18,,,,,1,1,,,
53,,3,,,,,1,1,,,
54,,4,,,,,2,1,,,
55,,18,,,,,3,2,,,
56,,119,,,,,3,1,,,
57,,119,,,,,5,1,,,
58,,119,,,,,5,9,,,
59,,119,,,,,5,,,,
60,,46,,,,,20,,,,
61,,28,,,,,3,,,,
62,,4,,,,,1,,,,
63,,116,,,,,1,,,,
64,,30,,,,,1,,,,
65,,30,,,,,1,,,,
66,,438,,,,,4,,,,
67,,22,,,,,1,,,,
68,,39,,,,,1,,,,
69,,39,,,,,,,,,
70,,10,,,,,,,,,
71,,10,,,,,,,,,
72,,10,,,,,,,,,
73,,70,,,,,,,,,
74,,71,,,,,,,,,
75,,101,,,,,,,,,
76,,20,,,,,,,,,
77,,27,,,,,,,,,
78,,64,,,,,,,,,
79,,26,,,,,,,,,
80,,23,,,,,,,,,
81,,118,,,,,,,,,
82,,117,,,,,,,,,
83,,25,,,,,,,,,
84,,24,,,,,,,,,
85,,83,,,,,,,,,
86,,83,,,,,,,,,
87,,24,,,,,,,,,
88,,24,,,,,,,,,
89,,31,,,,,,,,,
90,,387,,,,,,,,,
91,,22,,,,,,,,,
92,,22,,,,,,,,,
93,,295,,,,,,,,,
